artist,birth_year,death_year,total,1999,2000,2001,2002,2003,2004,2005,2006,2007,2008,2009,2010,2011,2012,2013,2014,2015,2016,2017,2018
A R Ralf Winkler Penck,1939,2017,1,0,0,0,0,0,0,0,0,0,0,0,0,0,0,0,0,0,0,0,0
Abdallah Benanteur,1931,,0,0,0,0,0,0,0,0,0,0,0,0,0,0,0,0,0,0,0,0,0
Ad Reinhardt,1913,1967,193,1,1,0,0,1,0,2,0,0,0,0,0,0,1,0,0,0,0,0,0
Adolph Gottlieb,1903,1974,261,4,1,1,2,1,1,2,0,1,0,0,0,0,1,0,0,0,0,0,0
Afro,1912,1976,0,0,0,0,0,0,0,0,0,0,0,0,0,0,0,0,0,0,0,0,0
Agnes Bernice Martin,1912,2004,167,2,0,1,1,1,2,7,1,0,0,1,0,0,0,1,1,0,0,0,0
Agostino Bonalumi,1935,2013,0,0,0,0,0,0,0,0,0,0,0,0,0,0,0,0,0,0,0,0,0
Akira Kito,1925,1994,0,0,0,0,0,0,0,0,0,0,0,0,0,0,0,0,0,0,0,0,0
Al Held,1928,2005,106,2,1,0,1,0,1,2,0,0,0,0,0,0,0,0,0,0,0,0,0
Alain Jacquet,1939,2008,0,0,0,0,0,0,0,0,0,0,0,0,0,0,0,0,0,0,0,0,0
Alan Davie,1920,2014,8,0,0,0,0,1,0,2,0,0,0,0,0,0,0,0,0,0,0,0,0
Albert Bitran,1931,,0,0,0,0,0,0,0,0,0,0,0,0,0,0,0,0,0,0,0,0,0
Albert Chaminade,1923,2010,0,0,0,0,0,0,0,0,0,0,0,0,0,0,0,0,0,0,0,0,0
Alberto Burri,1915,1995,0,0,0,0,0,0,0,0,0,0,0,0,0,0,0,0,0,0,0,0,0
Alberto Magnelli,1888,1971,2,1,0,0,0,0,0,0,0,0,0,0,0,0,0,1,0,0,0,0,0
Alex Katz,1927,,155,1,1,0,0,0,1,3,4,0,0,0,0,0,0,0,0,0,0,0,0
Alexander Sandy Calder,1898,1976,331,6,2,3,2,2,2,3,0,0,0,1,0,0,1,1,0,0,0,0,0
Alexandre Alecos Fassianos,1935,,0,0,0,0,0,0,0,0,0,0,0,0,0,0,0,0,0,0,0,0,0
Alexandre Istrati,1915,1991,0,0,0,0,0,0,0,0,0,0,0,0,0,0,0,0,0,0,0,0,0
Alexandre Sacha Garbell,1903,1970,0,0,0,0,0,0,0,0,0,0,0,0,0,0,0,0,0,0,0,0,0
Alfonso A Ossorio,1916,1990,45,1,0,0,0,0,0,2,0,0,0,0,0,0,0,0,0,0,0,0,0
Alfred Jensen,1903,1981,56,1,1,0,0,1,0,2,0,0,0,0,0,0,0,0,0,0,0,0,0
Alfred Leslie,1927,,105,2,1,0,1,0,0,2,0,0,0,1,0,0,0,0,0,0,0,0,0
Alfred Manessier,1911,1993,0,0,0,0,0,0,0,0,0,0,0,0,0,0,0,0,0,0,0,0,0
Alice Neel,1900,1984,109,3,1,0,3,0,0,2,0,0,1,0,2,0,0,0,0,0,0,0,0
Alighiero E Boetti,1940,1994,0,0,0,0,0,0,0,0,0,0,0,0,0,0,0,0,0,0,0,0,0
Allan D'Arcangelo,1930,1998,40,1,0,0,0,0,0,2,0,0,0,0,0,0,0,0,0,0,0,0,0
Allen Jones,1937,,3,0,0,0,0,0,0,0,0,0,0,0,0,0,0,0,0,0,0,0,0
Anatoly Timofeivich Zverev,1931,1986,0,0,0,0,0,0,0,0,0,0,0,0,0,0,0,0,0,0,0,0,0
Andre Bauchant,1873,1958,0,0,0,0,0,0,0,0,0,0,0,0,0,0,0,0,0,0,0,0,0
Andre Beaudin,1895,1979,0,0,0,0,0,0,0,0,0,0,0,0,0,0,0,0,0,0,0,0,0
Andre Cottavoz,1922,2012,0,0,0,0,0,0,0,0,0,0,0,0,0,0,0,0,0,0,0,0,0
Andre Hambourg,1909,1999,0,0,0,0,0,0,0,0,0,0,0,0,0,0,0,0,0,0,0,0,0
Andre Lanskoy,1902,1976,0,0,0,0,0,0,0,0,0,0,0,0,0,0,0,0,0,0,0,0,0
Andre Maire,1898,1984,0,0,0,0,0,0,0,0,0,0,0,0,0,0,0,0,0,0,0,0,0
Andre Marfaing,1925,1987,0,0,0,0,0,0,0,0,0,0,0,0,0,0,0,0,0,0,0,0,0
Andre Masson,1896,1987,2,0,0,0,0,0,0,0,0,0,1,0,0,0,0,0,0,0,0,0,0
Andre Pierre Arnal,1938,,0,0,0,0,0,0,0,0,0,0,0,0,0,0,0,0,0,0,0,0,0
Andree Pollier,1916,2009,0,0,0,0,0,0,0,0,0,0,0,0,0,0,0,0,0,0,0,0,0
Andy Warhol,1928,1987,510,2,4,4,5,2,5,3,2,0,1,2,0,0,0,0,0,0,0,0,0
Angel Alonso,,,510,2,4,4,5,2,5,3,2,0,1,2,0,0,0,0,0,0,0,0,0
Anne Dean Truitt,,,510,2,4,4,5,2,5,3,2,0,1,2,0,0,0,0,0,0,0,0,0
Anselm Kiefer,,,510,2,4,4,5,2,5,3,2,0,1,2,0,0,0,0,0,0,0,0,0
Anselme Bois-Vives,1905,1991,0,0,0,0,0,0,0,0,0,0,0,0,0,0,0,0,0,0,0,0,0
Antal Biro,1907,1990,0,0,0,0,0,0,0,0,0,0,0,0,0,0,0,0,0,0,0,0,0
Antoni Clave Sanmartin,1913,2005,0,0,0,0,0,0,0,0,0,0,0,0,0,0,0,0,0,0,0,0,0
Antoni Tapies,1923,2012,3,0,0,0,0,0,0,0,1,0,1,0,0,0,0,0,0,0,0,0,0
Antonio Asis,,,3,0,0,0,0,0,0,0,1,0,1,0,0,0,0,0,0,0,0,0,0
Antonio Bandeira,1922,1967,0,0,0,0,0,0,0,0,0,0,0,0,0,0,0,0,0,0,0,0,0
Antonio Recalcati,1938,,0,0,0,0,0,0,0,0,0,0,0,0,0,0,0,0,0,0,0,0,0
Antonio Saura,1930,1998,0,0,0,0,0,0,0,0,0,0,0,0,0,0,0,0,0,0,0,0,0
Antonio Segui,1934,,0,0,0,0,0,0,0,0,0,0,0,0,0,0,0,0,0,0,0,0,0
Aristide Caillaud,1902,1990,0,0,0,0,0,0,0,0,0,0,0,0,0,0,0,0,0,0,0,0,0
Armand Pierre Arman,1928,2005,28,1,0,0,1,0,1,2,0,0,0,0,0,0,0,0,0,0,0,0,0
Arnulf Rainer,1929,,0,0,0,0,0,0,0,0,0,0,0,0,0,0,0,0,0,0,0,0,0
Arpad Szenes,1897,1985,0,0,0,0,0,0,0,0,0,0,0,0,0,0,0,0,0,0,0,0,0
Arthur Aeschbacher,1923,,0,0,0,0,0,0,0,0,0,0,0,0,0,0,0,0,0,0,0,0,0
Asger Jorn,1914,1973,0,0,0,0,0,0,0,0,0,0,0,0,0,0,0,0,0,0,0,0,0
Atila,1931,1987,0,0,0,0,0,0,0,0,0,0,0,0,0,0,0,0,0,0,0,0,0
Augustin Cardenas,1927,2001,0,0,0,0,0,0,0,0,0,0,0,0,0,0,0,0,0,0,0,0,0
Aurelie Nemours,1910,2005,0,0,0,0,0,0,0,0,0,0,0,0,0,0,0,0,0,0,0,0,0
Avigdor Arikha,1929,2010,0,0,0,0,0,0,0,0,0,0,0,0,0,0,0,0,0,0,0,0,0
Avni Arbas,1919,2003,0,0,0,0,0,0,0,0,0,0,0,0,0,0,0,0,0,0,0,0,0
Batta Mihailovitch,1923,,0,0,0,0,0,0,0,0,0,0,0,0,0,0,0,0,0,0,0,0,0
Beauford Delaney,1901,1979,30,1,0,1,0,0,0,3,0,0,0,0,0,0,0,0,0,0,0,0,0
Ben Vautier,1935,,0,0,0,0,0,0,0,0,0,0,0,0,0,0,0,0,0,0,0,0,0
Bengt Lindstrom,1925,2008,0,0,0,0,0,0,0,0,0,0,0,0,0,0,0,0,0,0,0,0,0
Bernar Venet,1941,,0,0,0,0,0,0,0,0,0,0,0,0,0,0,0,0,0,0,0,0,0
Bernard Aubertin,1934,2015,0,0,0,0,0,0,0,0,0,0,0,0,0,0,0,0,0,0,0,0,0
Bernard Buffet,1928,1999,1,0,0,0,0,0,0,0,0,0,0,0,0,0,0,0,0,0,1,0,0
Bernard Dufour,1922,2016,0,0,0,0,0,0,0,0,0,0,0,0,0,0,0,0,0,0,0,0,0
Bernard Piga,1934,,0,0,0,0,0,0,0,0,0,0,0,0,0,0,0,0,0,0,0,0,0
Bernard Quentin,1923,,0,0,0,0,0,0,0,0,0,0,0,0,0,0,0,0,0,0,0,0,0
Bernard Rancillac,1931,,0,0,0,0,0,0,0,0,0,0,0,0,0,0,0,0,0,0,0,0,0
Bernard Requichot,1929,1961,0,0,0,0,0,0,0,0,0,0,0,0,0,0,0,0,0,0,0,0,0
Bernard Schultze,1915,2005,0,0,0,0,0,0,0,0,0,0,0,0,0,0,0,0,0,0,0,0,0
Bill Parker,1922,2009,5,1,0,0,0,0,0,2,0,0,0,0,0,0,0,0,0,0,0,0,0
Blinky Palermo,1943,1977,4,0,0,0,0,0,0,1,0,0,0,0,0,0,0,0,0,0,0,0,0
Bob Robert Louis Thompson,1937,1966,31,1,0,0,0,0,0,2,0,0,0,0,0,0,0,0,0,0,0,0,0
Bram Bogaert,1921,2012,0,0,0,0,0,0,0,0,0,0,0,0,0,0,0,0,0,0,0,0,0
Bram Van Velde,1895,1981,0,0,0,0,0,0,0,0,0,0,0,0,0,0,0,0,0,0,0,0,0
Brice Marden,1938,,119,3,1,0,0,0,1,2,1,0,0,0,0,0,0,0,0,0,1,0,0
Bridget Riley,1931,,27,1,1,0,0,1,0,2,0,0,0,0,0,0,0,0,0,0,0,0,0
Brion Gysin,1916,1986,0,0,0,0,0,0,0,0,0,0,0,0,0,0,0,0,0,0,0,0,0
Camille Bryen,1907,1977,0,0,0,0,0,0,0,0,0,0,0,0,0,0,0,0,0,0,0,0,0
Carl Andre,1935,,116,1,0,1,0,0,1,3,1,0,0,0,0,0,1,0,0,0,0,0,0
Carlos Cruz-Diez,1923,,0,0,0,0,0,0,0,0,0,0,0,0,0,0,0,0,0,0,0,0,0
Carmelo Arden Quin,1913,2010,0,0,0,0,0,0,0,0,0,0,0,0,0,0,0,0,0,0,0,0,0
Carol Rama,1918,2015,0,0,0,0,0,0,0,0,0,0,0,0,0,0,0,0,0,0,0,0,0
Cesar Baldaccini,1921,1998,0,0,0,0,0,0,0,0,0,0,0,0,0,0,0,0,0,0,0,0,0
Chafik Abboud,1926,2004,0,0,0,0,0,0,0,0,0,0,0,0,0,0,0,0,0,0,0,0,0
Charles Hossein Zenderoudi,1937,,0,0,0,0,0,0,0,0,0,0,0,0,0,0,0,0,0,0,0,0,0
Charles Lapicque,1898,1988,0,0,0,0,0,0,0,0,0,0,0,0,0,0,0,0,0,0,0,0,0
Charles Marcon,1920,,0,0,0,0,0,0,0,0,0,0,0,0,0,0,0,0,0,0,0,0,0
Christine Annie Christine Boumeester,,,0,0,0,0,0,0,0,0,0,0,0,0,0,0,0,0,0,0,0,0,0
Christo & Jean Claude,1841,1922,0,0,0,0,0,0,0,0,0,0,0,0,0,0,0,0,0,0,0,0,0
Claes Thure Oldenburg,1929,,270,2,0,0,4,0,1,4,1,0,0,0,0,0,0,0,0,0,0,0,0
Claude Bellegarde,1927,,0,0,0,0,0,0,0,0,0,0,0,0,0,0,0,0,0,0,0,0,0
Claude Georges,1929,1988,0,0,0,0,0,0,0,0,0,0,0,0,0,0,0,0,0,0,0,0,0
Claude Gilli,1938,2015,0,0,0,0,0,0,0,0,0,0,0,0,0,0,0,0,0,0,0,0,0
Claude Viallat,1936,,0,0,0,0,0,0,0,0,0,0,0,0,0,0,0,0,0,0,0,0,0
Claude Viseux,1927,2008,0,0,0,0,0,0,0,0,0,0,0,0,0,0,0,0,0,0,0,0,0
Conrad Marca-Relli,1913,2000,82,1,1,0,0,1,1,2,0,1,0,1,0,0,0,0,0,0,0,0,0
Constantin Georges Macris,1917,1984,0,0,0,0,0,0,0,0,0,0,0,0,0,0,0,0,0,0,0,0,0
Cy Twombly,1928,2011,132,3,0,1,3,2,1,2,0,0,0,1,0,0,0,0,0,0,0,0,0
Dadamaino,1930,2004,0,0,0,0,0,0,0,0,0,0,0,0,0,0,0,0,0,0,0,0,0
Dan Christensen,1942,2007,25,1,0,1,0,0,1,2,0,0,0,0,0,0,0,0,0,0,0,0,0
Dan Flavin,1933,1996,131,2,1,1,0,1,2,4,0,0,0,0,0,0,0,0,0,0,0,0,0
David Roland Smith,1906,1965,270,3,2,1,1,1,0,4,2,0,0,0,0,0,0,0,0,0,0,0,0
David Budd,1927,1991,6,1,0,0,0,0,0,2,0,0,0,0,0,0,0,0,0,0,0,0,0
David Hockney,1937,,139,2,0,3,1,0,1,2,1,0,0,0,0,0,0,0,0,0,0,0,0
David Lan-Bar,,,139,2,0,3,1,0,1,2,1,0,0,0,0,0,0,0,0,0,0,0,0
Denise Dobin,1916,2010,0,0,0,0,0,0,0,0,0,0,0,0,0,0,0,0,0,0,0,0,0
Dikran Daderian,1929,,0,0,0,0,0,0,0,0,0,0,0,0,0,0,0,0,0,0,0,0,0
Djoka Ivackovic,1930,,0,0,0,0,0,0,0,0,0,0,0,0,0,0,0,0,0,0,0,0,0
Domenico Gnoli,1933,1970,4,0,0,0,0,0,0,2,0,0,0,0,0,0,0,0,0,0,0,0,0
Ed Edward Francis Paschke,1939,2004,51,0,0,0,0,1,0,2,0,0,0,0,0,0,0,0,0,0,0,0,1
Ed Ruscha,1937,,205,1,0,3,0,1,5,3,1,0,0,1,0,0,0,0,0,0,0,0,0
Edgar Pillet,1912,1996,0,0,0,0,0,0,0,0,0,0,0,0,0,0,0,0,0,0,0,0,0
Edouard Pignon,1905,1993,0,0,0,0,0,0,0,0,0,0,0,0,0,0,0,0,0,0,0,0,0
Edouardo Arroyo,1937,,0,0,0,0,0,0,0,0,0,0,0,0,0,0,0,0,0,0,0,0,0
Eduardo Chillida,1924,2002,0,0,0,0,0,0,0,0,0,0,0,0,0,0,0,0,0,0,0,0,0
Eduardo Jonquieres,1918,2000,0,0,0,0,0,0,0,0,0,0,0,0,0,0,0,0,0,0,0,0,0
Elaine Frances Horan Sturtevant,1926,2014,7,0,0,0,0,0,0,2,0,0,0,0,0,0,0,0,0,0,0,0,0
Ellsworth Kelly,1923,2015,264,1,0,0,2,1,2,4,0,0,0,1,0,0,0,0,0,0,0,0,0
Elvire Jan Kouyoumjian,1904,1996,0,0,0,0,0,0,0,0,0,0,0,0,0,0,0,0,0,0,0,0,0
Emilio Grau-Sala,1911,1975,1,0,0,0,0,0,0,1,0,0,0,0,0,0,0,0,0,0,0,0,0
Enrico Baj,1924,2003,0,0,0,0,0,0,0,0,0,0,0,0,0,0,0,0,0,0,0,0,0
Enrico Castellani,1930,,0,0,0,0,0,0,0,0,0,0,0,0,0,0,0,0,0,0,0,0,0
Enrico Donati,1909,2008,117,1,2,1,2,0,1,2,0,0,0,0,0,0,0,0,0,0,0,0,0
Ernst Wilhelm Nay,1902,1968,0,0,0,0,0,0,0,0,0,0,0,0,0,0,0,0,0,0,0,0,0
Esteban Vicente,,,0,0,0,0,0,0,0,0,0,0,0,0,0,0,0,0,0,0,0,0,0
Etienne Beothy,1897,1961,0,0,0,0,0,0,0,0,0,0,0,0,0,0,0,0,0,0,0,0,0
Eugne Leroy,1910,2000,0,0,0,0,0,0,0,0,0,0,0,0,0,0,0,0,0,0,0,0,0
Eva Hesse,1936,1970,113,3,0,0,2,0,0,2,3,0,0,0,0,0,0,0,0,0,0,0,0
Ezekiel Baroukh,1909,1984,0,0,0,0,0,0,0,0,0,0,0,0,0,0,0,0,0,0,0,0,0
Fateh Moudarres,1922,1999,0,0,0,0,0,0,0,0,0,0,0,0,0,0,0,0,0,0,0,0,0
Felix Labisse,1905,1982,0,0,0,0,0,0,0,0,0,0,0,0,0,0,0,0,0,0,0,0,0
Ferit Iscan,1931,1986,0,0,0,0,0,0,0,0,0,0,0,0,0,0,0,0,0,0,0,0,0
Fernando Botero,1932,,1,0,0,0,0,0,0,0,0,0,0,0,0,0,0,0,0,0,0,0,0
Fikret Mualla,1903,1967,0,0,0,0,0,0,0,0,0,0,0,0,0,0,0,0,0,0,0,0,0
Francis Bacon,1909,1992,6,0,0,0,0,0,0,0,0,0,0,0,0,0,0,0,0,0,0,0,0
Francis Bott,1904,1998,0,0,0,0,0,0,0,0,0,0,0,0,0,0,0,0,0,0,0,0,0
Francisco Lopez,1898,1972,0,0,0,0,0,0,0,0,0,0,0,0,0,0,0,0,0,0,0,0,0
Francisco Toledo,1940,,1,0,0,0,0,0,0,0,0,0,0,0,0,0,0,0,0,0,0,0,0
Francisco Zuniga,1912,1998,7,2,0,0,0,1,0,0,1,0,0,0,0,0,0,0,0,0,0,0,0
Francois Arnal,1924,2012,0,0,0,0,0,0,0,0,0,0,0,0,0,0,0,0,0,0,0,0,0
Francois Charles Alexis Albert Morellet,1926,2016,0,0,0,0,0,0,0,0,0,0,0,0,0,0,0,0,0,0,0,0,0
Frank Helmut Auerbach,1931,,19,0,0,0,0,0,0,2,0,0,0,0,0,0,0,0,0,0,0,0,0
Frank Stella,1936,,289,3,1,1,2,0,1,4,1,0,0,0,0,0,0,0,0,0,0,0,0
Franz Beer,1929,,0,0,0,0,0,0,0,0,0,0,0,0,0,0,0,0,0,0,0,0,0
Franz Josef Kline,1910,1962,291,2,2,0,1,2,0,3,1,1,0,1,0,0,0,0,0,0,0,0,0
Fred Deux,1924,,0,0,0,0,0,0,0,0,0,0,0,0,0,0,0,0,0,0,0,0,0
Frederic Benrath,1930,2007,0,0,0,0,0,0,0,0,0,0,0,0,0,0,0,0,0,0,0,0,0
Frederick Sandback,1943,2003,21,1,0,0,0,0,1,2,0,0,0,0,0,0,0,0,0,0,0,0,0
Friedel Dzubas,1915,1994,42,1,1,1,0,0,0,2,0,0,0,0,0,0,0,0,0,0,0,0,0
Friedensreich Hundertwasser,1928,2000,0,0,0,0,0,0,0,0,0,0,0,0,0,0,0,0,0,0,0,0,0
Garcia Tella,1906,1938,0,0,0,0,0,0,0,0,0,0,0,0,0,0,0,0,0,0,0,0,0
Gaston Chaissac,1910,1964,0,0,0,0,0,0,0,0,0,0,0,0,0,0,0,0,0,0,0,0,0
Gen Paul,1895,1975,1,1,0,0,0,0,0,0,0,0,0,0,0,0,0,0,0,0,0,0,0
Gene Davis,1920,1985,45,2,0,0,0,0,0,2,0,0,0,0,0,0,1,0,0,0,0,0,0
Genevieve Asse,1923,,0,0,0,0,0,0,0,0,0,0,0,0,0,0,0,0,0,0,0,0,0
Genevieve Claisse,,,0,0,0,0,0,0,0,0,0,0,0,0,0,0,0,0,0,0,0,0,0
Georg Kern Baselitz,1938,,4,0,0,1,0,0,0,0,0,0,0,0,0,0,0,0,0,0,0,0,0
Georges Anatolievich Pogedaieff,1897,1971,0,0,0,0,0,0,0,0,0,0,0,0,0,0,0,0,0,0,0,0,0
Georges Mathieu,1921,2012,6,0,0,1,1,0,0,1,0,0,0,0,0,0,0,0,0,0,0,0,0
Georges Noel,1924,2010,0,0,0,0,0,0,0,0,0,0,0,0,0,0,0,0,0,0,0,0,0
Gerard Ernest Schneider,1896,1986,0,0,0,0,0,0,0,0,0,0,0,0,0,0,0,0,0,0,0,0,0
Gerard Fromanger,1939,,0,0,0,0,0,0,0,0,0,0,0,0,0,0,0,0,0,0,0,0,0
Gerard Gasiorowski,,,0,0,0,0,0,0,0,0,0,0,0,0,0,0,0,0,0,0,0,0,0
Gerard Guyomard,1936,,0,0,0,0,0,0,0,0,0,0,0,0,0,0,0,0,0,0,0,0,0
Gerard Schlosser,1931,,0,0,0,0,0,0,0,0,0,0,0,0,0,0,0,0,0,0,0,0,0
Gerard Titus-Carmel,,,0,0,0,0,0,0,0,0,0,0,0,0,0,0,0,0,0,0,0,0,0
Gerardo Chavez Lopez,1937,,0,0,0,0,0,0,0,0,0,0,0,0,0,0,0,0,0,0,0,0,0
Gerhard Richter,1932,,5,1,0,0,0,0,0,0,1,0,0,0,0,0,1,0,0,0,0,0,0
Gianfranco Baruchello,1924,,0,0,0,0,0,0,0,0,0,0,0,0,0,0,0,0,0,0,0,0,0
Gianni Bertini,1922,2010,0,0,0,0,0,0,0,0,0,0,0,0,0,0,0,0,0,0,0,0,0
Gilbert & George,1834,,0,0,0,0,0,0,0,0,0,0,0,0,0,0,0,0,0,0,0,0,0
Gilles Aillaud,1928,2005,0,0,0,0,0,0,0,0,0,0,0,0,0,0,0,0,0,0,0,0,0
Giuseppe Capogrossi,1900,1972,0,0,0,0,0,0,0,0,0,0,0,0,0,0,0,0,0,0,0,0,0
Grace Hartigan,1922,2008,106,2,2,0,0,1,1,2,0,1,0,1,0,0,0,0,0,0,0,0,1
Gudmundur Erro,1932,,0,0,0,0,0,0,0,0,0,0,0,0,0,0,0,0,0,0,0,0,0
Guenther Uecker,1930,,0,0,0,0,0,0,0,0,0,0,0,0,0,0,0,0,0,0,0,0,0
Guillaume Corneille,1922,2010,0,0,0,0,0,0,0,0,0,0,0,0,0,0,0,0,0,0,0,0,0
Gustave Bolin,1920,1999,0,0,0,0,0,0,0,0,0,0,0,0,0,0,0,0,0,0,0,0,0
Gustave Singier,1909,1984,0,0,0,0,0,0,0,0,0,0,0,0,0,0,0,0,0,0,0,0,0
Haiwen Tang,1927/29,1991,0,0,0,0,0,0,0,0,0,0,0,0,0,0,0,0,0,0,0,0,0
Hajime Kato,1925,2000,0,0,0,0,0,0,0,0,0,0,0,0,0,0,0,0,0,0,0,0,0
Hans Hartung,1904,1989,1,0,0,0,0,0,0,0,0,0,0,0,0,0,0,0,0,0,0,0,0
Hans Hofmann,1880,1966,297,3,2,1,1,2,0,3,0,1,0,1,0,1,0,0,0,0,0,0,0
Hans Reichel,1892,1958,0,0,0,0,0,0,0,0,0,0,0,0,0,0,0,0,0,0,0,0,0
Heinz Mack,1931,,0,0,0,0,0,0,0,0,0,0,0,0,0,0,0,0,0,0,0,0,0
Helen Frankenthaler,1928,2011,247,2,1,1,1,1,2,2,1,0,1,0,1,0,0,0,0,0,0,0,1
Henri Bernard Goetz,1909,1989,6,0,0,0,0,0,0,2,0,0,0,0,0,0,0,0,0,0,0,0,0
Henri Hayden,1883,1970,1,0,0,1,0,0,0,0,0,0,0,0,0,0,0,0,0,0,0,0,0
Henri Michaux,1899,1984,0,0,0,0,0,0,0,0,0,0,0,0,0,0,0,0,0,0,0,0,0
Herbert Zangs,1924,2003,0,0,0,0,0,0,0,0,0,0,0,0,0,0,0,0,0,0,0,0,0
Herve Telemaque,1937,,0,0,0,0,0,0,0,0,0,0,0,0,0,0,0,0,0,0,0,0,0
Hisao Domoto,1928,2013,0,0,0,0,0,0,0,0,0,0,0,0,0,0,0,0,0,0,0,0,0
Horia Damian,1922,2012,0,0,0,0,0,0,0,0,0,0,0,0,0,0,0,0,0,0,0,0,0
Horst Antes,1936,,0,0,0,0,0,0,0,0,0,0,0,0,0,0,0,0,0,0,0,0,0
Huguette Arthur Bertrand,1922,2005,0,0,0,0,0,0,0,0,0,0,0,0,0,0,0,0,0,0,0,0,0
Ibrahim Hussein,1936,2009,0,0,0,0,0,0,0,0,0,0,0,0,0,0,0,0,0,0,0,0,0
Igael Tumarkin,1933,,0,0,0,0,0,0,0,0,0,0,0,0,0,0,0,0,0,0,0,0,0
Ilya Bolotowsky,1907,1981,109,1,2,0,0,0,0,2,0,0,1,0,0,0,0,0,0,0,0,0,0
Ivan Messac,1948,,0,0,0,0,0,0,0,0,0,0,0,0,0,0,0,0,0,0,0,0,0
Jack Hamilton Bush,1909,1977,46,1,0,2,0,0,0,3,0,1,0,1,1,0,0,1,0,0,0,0,0
Jack Tworkov,1900,1982,108,2,2,0,0,1,0,2,0,1,0,1,0,0,0,0,0,0,0,0,0
Jackson Pollock,1912,1956,504,5,7,3,3,1,3,2,1,2,1,2,1,0,0,0,1,0,0,0,0
Jacques Doucet,,,504,5,7,3,3,1,3,2,1,2,1,2,1,0,0,0,1,0,0,0,0
Jacques Germain,1915,2001,0,0,0,0,0,0,0,0,0,0,0,0,0,0,0,0,0,0,0,0,0
Jacques Herold,1910,1987,0,0,0,0,0,0,0,0,0,0,0,0,0,0,0,0,0,0,0,0,0
Jacques Monory,1924,,0,0,0,0,0,0,0,0,0,0,0,0,0,0,0,0,0,0,0,0,0
Jacques Truphemus,1922,2017,0,0,0,0,0,0,0,0,0,0,0,0,0,0,0,0,0,0,0,0,0
Jacques Van Den Bussche,1925,,0,0,0,0,0,0,0,0,0,0,0,0,0,0,0,0,0,0,0,0,0
James Brooks,1906,1992,111,3,2,0,0,0,0,2,0,0,0,0,0,0,0,0,0,0,0,0,0
James Guitet,1925,2010,0,0,0,0,0,0,0,0,0,0,0,0,0,0,0,0,0,0,0,0,0
James Pichette,1920,1996,0,0,0,0,0,0,0,0,0,0,0,0,0,0,0,0,0,0,0,0,0
James Rosenquist,1933,2017,231,1,1,0,0,1,0,2,0,0,0,3,0,0,0,0,0,0,0,0,0
Jan Lebenstein,1930,1999,0,0,0,0,0,0,0,0,0,0,0,0,0,0,0,0,0,0,0,0,0
Jan Meijer,1927,1995,0,0,0,0,0,0,0,0,0,0,0,0,0,0,0,0,0,0,0,0,0
Jan Schoonhoven,1914,1994,0,0,0,0,0,0,0,0,0,0,0,0,0,0,0,0,0,0,0,0,0
Jannis Kounellis,1936,2017,0,0,0,0,0,0,0,0,0,0,0,0,0,0,0,0,0,0,0,0,0
Jaroslav Serpan,1922,1976,0,0,0,0,0,0,0,0,0,0,0,0,0,0,0,0,0,0,0,0,0
Jasper Johns,1930,,376,2,0,1,1,0,0,2,0,1,0,0,0,0,0,0,0,0,0,0,0
Javier Vilato,1921,2000,0,0,0,0,0,0,0,0,0,0,0,0,0,0,0,0,0,0,0,0,0
Jean Bertholle,1909,1996,0,0,0,0,0,0,0,0,0,0,0,0,0,0,0,0,0,0,0,0,0
Jean Carzou,1907,2000,0,0,0,0,0,0,0,0,0,0,0,0,0,0,0,0,0,0,0,0,0
Jean Chevolleau,1924,1996,0,0,0,0,0,0,0,0,0,0,0,0,0,0,0,0,0,0,0,0,0
Jean Corbassiere,1920,,0,0,0,0,0,0,0,0,0,0,0,0,0,0,0,0,0,0,0,0,0
Jean Cortot,1925,,0,0,0,0,0,0,0,0,0,0,0,0,0,0,0,0,0,0,0,0,0
Jean Degottex,1918,1988,0,0,0,0,0,0,0,0,0,0,0,0,0,0,0,0,0,0,0,0,0
Jean Dominique Villeri,1896,1982,0,0,0,0,0,0,0,0,0,0,0,0,0,0,0,0,0,0,0,0,0
Jean Dubuffet,1901,1985,4,0,0,1,0,0,0,0,1,0,0,0,0,0,0,0,0,0,0,0,0
Jean Fautrier,1898,1964,0,0,0,0,0,0,0,0,0,0,0,0,0,0,0,0,0,0,0,0,0
Jean Helion,1904,1987,1,1,0,0,0,0,0,0,0,0,0,0,0,0,0,0,0,0,0,0,0
Jean Le Moal,1909,2007,0,0,0,0,0,0,0,0,0,0,0,0,0,0,0,0,0,0,0,0,0
Jean Leppien,1910,1991,0,0,0,0,0,0,0,0,0,0,0,0,0,0,0,0,0,0,0,0,0
Jean Lombard,1895,1983,0,0,0,0,0,0,0,0,0,0,0,0,0,0,0,0,0,0,0,0,0
Jean Lucebert,1924,1994,0,0,0,0,0,0,0,0,0,0,0,0,0,0,0,0,0,0,0,0,0
Jean Mailhe,,,0,0,0,0,0,0,0,0,0,0,0,0,0,0,0,0,0,0,0,0,0
Jean Maurice Eugene Clement Cocteau,1889,1963,2,0,0,0,0,0,0,0,0,0,0,0,0,0,0,0,0,0,0,0,0
Jean Messagier,1920,1999,0,0,0,0,0,0,0,0,0,0,0,0,0,0,0,0,0,0,0,0,0
Jean Michel Atlan,1913,1960,0,0,0,0,0,0,0,0,0,0,0,0,0,0,0,0,0,0,0,0,0
Jean Miotte,1926,2016,0,0,0,0,0,0,0,0,0,0,0,0,0,0,0,0,0,0,0,0,0
Jean Piaubert,1900,2001,0,0,0,0,0,0,0,0,0,0,0,0,0,0,0,0,0,0,0,0,0
Jean Raine,1927,1986,0,0,0,0,0,0,0,0,0,0,0,0,0,0,0,0,0,0,0,0,0
Jean Rene Bazaine,1904,2001,0,0,0,0,0,0,0,0,0,0,0,0,0,0,0,0,0,0,0,0,0
Jean Rustin,1928,2013,0,0,0,0,0,0,0,0,0,0,0,0,0,0,0,0,0,0,0,0,0
Jean Tinguely,1925,1991,0,0,0,0,0,0,0,0,0,0,0,0,0,0,0,0,0,0,0,0,0
Jean-Marie Calmettes,,,0,0,0,0,0,0,0,0,0,0,0,0,0,0,0,0,0,0,0,0,0
Jean-Michel Basquiat,,,0,0,0,0,0,0,0,0,0,0,0,0,0,0,0,0,0,0,0,0,0
Jean-Paul Riopelle,,,0,0,0,0,0,0,0,0,0,0,0,0,0,0,0,0,0,0,0,0,0
Jean-Pierre Boulch,,,0,0,0,0,0,0,0,0,0,0,0,0,0,0,0,0,0,0,0,0,0
Jean-Pierre Pincemin,,,0,0,0,0,0,0,0,0,0,0,0,0,0,0,0,0,0,0,0,0,0
Jean-Pierre Yvaral,,,0,0,0,0,0,0,0,0,0,0,0,0,0,0,0,0,0,0,0,0,0
Jeanne Coppel,1896,1971,0,0,0,0,0,0,0,0,0,0,0,0,0,0,0,0,0,0,0,0,0
Jef Verheyen,1932,1984,0,0,0,0,0,0,0,0,0,0,0,0,0,0,0,0,0,0,0,0,0
Jesus Rafael de Soto,1923,2005,1,0,0,0,0,0,0,0,0,0,0,0,0,0,0,0,0,0,0,0,0
Jim Dine,1935,,207,2,2,0,0,0,3,2,0,0,0,0,0,0,0,0,0,0,0,0,0
Jimmy Ernst,1920,1984,70,1,2,0,0,1,1,2,0,0,0,0,0,0,0,0,0,0,0,0,0
Jo Delahaut,1911,1992,0,0,0,0,0,0,0,0,0,0,0,0,0,0,0,0,0,0,0,0,0
Joan Miro,1893,1983,4,0,0,0,0,0,0,0,0,0,0,0,0,0,0,0,0,0,0,0,0
Joan Mitchell,1925,1992,140,4,2,0,1,1,0,2,0,0,0,1,0,1,0,0,0,0,1,0,1
Joaquin Ferrer,1929,,0,0,0,0,0,0,0,0,0,0,0,0,0,0,0,0,0,0,0,0,0
Joel Kermarrec,1939,,0,0,0,0,0,0,0,0,0,0,0,0,0,0,0,0,0,0,0,0,0
John Christoforou,1921,2014,0,0,0,0,0,0,0,0,0,0,0,0,0,0,0,0,0,0,0,0,0
John Koenig,,,0,0,0,0,0,0,0,0,0,0,0,0,0,0,0,0,0,0,0,0,0
John Levee,1924,2017,20,1,0,0,0,0,1,2,0,0,0,0,0,0,0,0,0,0,0,0,0
John McLaughlin,,,20,1,0,0,0,0,1,2,0,0,0,0,0,0,0,0,0,0,0,0,0
John Wesley,1928,,28,1,0,0,0,0,1,2,0,0,0,0,0,0,0,0,0,0,0,0,0
Jorge Camacho,,,28,1,0,0,0,0,1,2,0,0,0,0,0,0,0,0,0,0,0,0,0
Josef Albers,,,28,1,0,0,0,0,1,2,0,0,0,0,0,0,0,0,0,0,0,0,0
Josef Sima,1891,1971,0,0,0,0,0,0,0,0,0,0,0,0,0,0,0,0,0,0,0,0,0
Joseph Beuys,1921,1986,0,0,0,0,0,0,0,0,0,0,0,0,0,0,0,0,0,0,0,0,0
Joseph Cornell,1903,1972,170,4,1,0,1,3,2,3,3,1,1,1,0,0,0,0,0,0,0,0,0
Judit Reigl,1923,,0,0,0,0,0,0,0,0,0,0,0,0,0,0,0,0,0,0,0,0,0
Jules Olitski,1922,2007,117,1,1,2,0,0,1,3,0,0,0,0,0,0,0,0,0,0,0,0,0
Jules Perahim,1914,2008,0,0,0,0,0,0,0,0,0,0,0,0,0,0,0,0,0,0,0,0,0
Julian Stanczak,,,0,0,0,0,0,0,0,0,0,0,0,0,0,0,0,0,0,0,0,0,0
Julio Le Parc,1928,,0,0,0,0,0,0,0,0,0,0,0,0,0,0,0,0,0,0,0,0,0
Julius Heinrich Bissier,1893,1965,0,0,0,0,0,0,0,0,0,0,0,0,0,0,0,0,0,0,0,0,0
Jun Dobashi,1910,1975,0,0,0,0,0,0,0,0,0,0,0,0,0,0,0,0,0,0,0,0,0
Karel Christiaan Appel,,,0,0,0,0,0,0,0,0,0,0,0,0,0,0,0,0,0,0,0,0,0
Kazuo Shiraga,1924,2008,0,0,0,0,0,0,0,0,0,0,0,0,0,0,0,0,0,0,0,0,0
Kei Key Hiraga,1936,2000,0,0,0,0,0,0,0,0,0,0,0,0,0,0,0,0,0,0,0,0,0
Kei Sato,1906,1978,0,0,0,0,0,0,0,0,0,0,0,0,0,0,0,0,0,0,0,0,0
Kenneth Noland,1924,2010,205,2,0,1,2,0,2,2,0,0,0,0,0,0,0,0,0,1,0,0,0
Kenzo Okada,1902,1982,47,2,1,0,0,0,0,2,0,0,0,0,0,0,0,0,0,0,0,0,0
Kosta Alex,1925,2005,0,0,0,0,0,0,0,0,0,0,0,0,0,0,0,0,0,0,0,0,0
Kumi Sugai,1919,1996,0,0,0,0,0,0,0,0,0,0,0,0,0,0,0,0,0,0,0,0,0
Kurt Rudolf Hoffmann Sonderborg,1923,2008,0,0,0,0,0,0,0,0,0,0,0,0,0,0,0,0,0,0,0,0,0
Ladislas Kijno,1921,2012,0,0,0,0,0,0,0,0,0,0,0,0,0,0,0,0,0,0,0,0,0
Larry Poons,1937,,96,2,0,1,0,0,2,2,0,0,0,0,0,0,0,0,0,0,0,0,0
Larry Rivers,1923,2002,221,1,1,1,2,0,0,2,0,0,0,0,0,0,0,0,0,0,0,0,0
Lee Krasner,1908,1984,134,2,3,0,1,1,0,2,0,2,0,1,1,0,1,0,0,0,0,0,1
Leon Ferrari,1920,2013,0,0,0,0,0,0,0,0,0,0,0,0,0,0,0,0,0,0,0,0,0
Leon Golub,,,0,0,0,0,0,0,0,0,0,0,0,0,0,0,0,0,0,0,0,0,0
Leon Zack,1892,1980,1,1,0,0,0,0,0,0,0,0,0,0,0,0,0,0,0,0,0,0,0
Leopold Survage,1879,1968,2,1,0,0,0,0,0,0,0,0,0,0,0,0,0,0,0,0,0,0,0
LeRoy Neiman,,,2,1,0,0,0,0,0,0,0,0,0,0,0,0,0,0,0,0,0,0,0
Ljubomir Ljuba Popovic,1934,2016,0,0,0,0,0,0,0,0,0,0,0,0,0,0,0,0,0,0,0,0,0
Louis Berthomme -Saint- Andre,1905,1977,0,0,0,0,0,0,0,0,0,0,0,0,0,0,0,0,0,0,0,0,0
Louis Cane,1943,,0,0,0,0,0,0,0,0,0,0,0,0,0,0,0,0,0,0,0,0,0
Louis Pons,1927,,0,0,0,0,0,0,0,0,0,0,0,0,0,0,0,0,0,0,0,0,0
Louise Berliawsky Nevelson,1899,1988,210,4,1,0,1,1,0,3,0,1,0,0,0,0,0,0,0,0,0,0,0
Lowell Nesbitt,1933,1993,30,1,0,0,0,0,0,2,0,0,0,0,0,0,0,0,0,0,0,0,0
Lucas Samaras,1936,,134,1,0,0,0,0,2,2,0,0,1,0,0,0,0,0,0,0,0,0,0
Lucian Michael Freud,1922,2011,3,0,0,0,0,0,0,0,0,0,0,0,0,0,0,0,0,0,0,0,0
Lucien Coutaud,1904,1977,0,0,0,0,0,0,0,0,0,0,0,0,0,0,0,0,0,0,0,0,0
Lucio Fontana,1899,1968,0,0,0,0,0,0,0,0,0,0,0,0,0,0,0,0,0,0,0,0,0
Ludwig Sander,1906,1975,30,3,2,1,0,1,0,2,0,0,0,0,0,0,0,0,0,0,0,0,0
Luigi Boille,,,30,3,2,1,0,1,0,2,0,0,0,0,0,0,0,0,0,0,0,0,0
Luis Feito Lpez,,,30,3,2,1,0,1,0,2,0,0,0,0,0,0,0,0,0,0,0,0,0
Lynn Russell Chadwick,1914,2003,1,0,0,0,0,0,0,0,0,0,0,0,0,0,0,0,0,0,0,0,0
Macario Vitalis,1898,1990,0,0,0,0,0,0,0,0,0,0,0,0,0,0,0,0,0,0,0,0,0
Manolo Millares,,,0,0,0,0,0,0,0,0,0,0,0,0,0,0,0,0,0,0,0,0,0
Manoucher Yektai,1922,,13,1,1,0,0,1,0,2,0,0,0,0,0,0,0,0,0,0,0,0,0
Manuel Cargaleiro,1927,,0,0,0,0,0,0,0,0,0,0,0,0,0,0,0,0,0,0,0,0,0
Marc Devade,,,0,0,0,0,0,0,0,0,0,0,0,0,0,0,0,0,0,0,0,0,0
Marc Janson,1930,,0,0,0,0,0,0,0,0,0,0,0,0,0,0,0,0,0,0,0,0,0
Marcel Gromaire,1892,1971,0,0,0,0,0,0,0,0,0,0,0,0,0,0,0,0,0,0,0,0,0
Marcel Mouly,1918,2008,0,0,0,0,0,0,0,0,0,0,0,0,0,0,0,0,0,0,0,0,0
Marcel Pouget,1923,1985,0,0,0,0,0,0,0,0,0,0,0,0,0,0,0,0,0,0,0,0,0
Marcelle Cahn,1895,1981,0,0,0,0,0,0,0,0,0,0,0,0,0,0,0,0,0,0,0,0,0
Marcelle Loubchansky,1917,1988,0,0,0,0,0,0,0,0,0,0,0,0,0,0,0,0,0,0,0,0,0
Maria Helena Vieira Da Silva,1908,1992,1,0,0,0,0,0,0,0,0,0,0,0,0,0,0,0,0,0,0,0,0
Mariano Carrera,1934,,0,0,0,0,0,0,0,0,0,0,0,0,0,0,0,0,0,0,0,0,0
Mario Prassinos,1916,1985,0,0,0,0,0,0,0,0,0,0,0,0,0,0,0,0,0,0,0,0,0
Mario Schifano,1934,1998,0,0,0,0,0,0,0,0,0,0,0,0,0,0,0,0,0,0,0,0,0
Mark Rothko,1903,1970,370,3,1,1,4,1,2,3,0,2,1,0,1,0,0,0,0,0,0,0,0
Mark Tobey,1890,1976,276,2,1,1,2,2,0,2,0,2,0,1,0,0,0,0,1,0,0,0,0
Martial Raysse,1936,,0,0,0,0,0,0,0,0,0,0,0,0,0,0,0,0,0,0,0,0,0
Martin Barre,1924,1993,0,0,0,0,0,0,0,0,0,0,0,0,0,0,0,0,0,0,0,0,0
Martin Bradley,,,0,0,0,0,0,0,0,0,0,0,0,0,0,0,0,0,0,0,0,0,0
Maurice Esteve,1904,2001,0,0,0,0,0,0,0,0,0,0,0,0,0,0,0,0,0,0,0,0,0
Maurice Lemaitre,,,0,0,0,0,0,0,0,0,0,0,0,0,0,0,0,0,0,0,0,0,0
Maurice Miot,1920,1994,0,0,0,0,0,0,0,0,0,0,0,0,0,0,0,0,0,0,0,0,0
Max Papart,1911,1994,0,0,0,0,0,0,0,0,0,0,0,0,0,0,0,0,0,0,0,0,0
Mel Melvin John Ramos,1935,2018,63,1,0,0,1,0,2,2,0,0,1,0,0,0,0,0,0,0,0,0,0
Michael Goldberg,1924,2007,40,2,1,0,0,1,1,2,0,0,0,0,1,0,0,1,0,0,0,0,0
Michel Cadoret,1912,1985,1,1,0,0,0,0,0,0,0,0,0,0,0,0,0,0,0,0,0,0,0
Michel Carrade,1923,,0,0,0,0,0,0,0,0,0,0,0,0,0,0,0,0,0,0,0,0,0
Michel Macreau,1935,1995,0,0,0,0,0,0,0,0,0,0,0,0,0,0,0,0,0,0,0,0,0
Michel Seuphor,1901,1999,0,0,0,0,0,0,0,0,0,0,0,0,0,0,0,0,0,0,0,0,0
Mihail Chemiakin,1943,,1,0,0,0,0,0,0,1,0,0,0,0,0,0,0,0,0,0,0,0,0
Milton Resnick,1917,2004,44,2,2,0,0,1,1,2,0,0,0,0,0,0,0,0,0,0,0,0,0
Miodrag Djuric Dado,1933,2010,0,0,0,0,0,0,0,0,0,0,0,0,0,0,0,0,0,0,0,0,0
Morris Louis,1912,1962,180,2,1,0,1,0,0,3,0,0,0,0,0,0,0,0,0,0,0,0,0
Nasser Assar,,,180,2,1,0,1,0,0,3,0,0,0,0,0,0,0,0,0,0,0,0,0
Natalia Dumitresco,,,180,2,1,0,1,0,0,3,0,0,0,0,0,0,0,0,0,0,0,0,0
Naum Zeitlin,,,180,2,1,0,1,0,0,3,0,0,0,0,0,0,0,0,0,0,0,0,0
Neil Jenney,1945,,0,0,0,0,0,0,0,0,0,0,0,0,0,0,0,0,0,0,0,0,0
Nejad Melih Devrim,1923,1995,0,0,0,0,0,0,0,0,0,0,0,0,0,0,0,0,0,0,0,0,0
Nicolaas Warb,1906,1957,0,0,0,0,0,0,0,0,0,0,0,0,0,0,0,0,0,0,0,0,0
Nicolas De Stael,,,0,0,0,0,0,0,0,0,0,0,0,0,0,0,0,0,0,0,0,0,0
Niki de Saint Phalle,,,0,0,0,0,0,0,0,0,0,0,0,0,0,0,0,0,0,0,0,0,0
Noel Dolla,1945,,0,0,0,0,0,0,0,0,0,0,0,0,0,0,0,0,0,0,0,0,0
Norman Bluhm,1921,1999,38,1,0,0,0,1,0,2,0,0,0,0,0,0,0,0,0,0,0,0,0
Olivier Debre,1920,1999,0,0,0,0,0,0,0,0,0,0,0,0,0,0,0,0,0,0,0,0,0
Olivier Mosset,1944,,0,0,0,0,0,0,0,0,0,0,0,0,0,0,0,0,0,0,0,0,0
On Kawara,1933,2014,12,0,0,0,0,0,0,2,0,1,0,0,0,0,0,0,0,0,0,0,0
Orhon Mubin,1924,1981,0,0,0,0,0,0,0,0,0,0,0,0,0,0,0,0,0,0,0,0,0
Oscar Gauthier,1921,2009,0,0,0,0,0,0,0,0,0,0,0,0,0,0,0,0,0,0,0,0,0
Otto Piene,1928,2014,20,0,0,0,0,0,1,2,0,0,0,0,0,0,0,0,0,0,0,0,0
Pablo Picasso,1881,1973,7,0,0,0,0,0,1,0,0,0,0,0,0,0,0,0,0,0,2,0,0
Paul Jenkins,1923,2012,87,2,2,1,0,1,1,2,0,0,0,0,0,0,0,0,0,0,0,0,0
Paul Kallos,1928,2001,0,0,0,0,0,0,0,0,0,0,0,0,0,0,0,0,0,0,0,0,0
Paul Rebeyrolle,,,0,0,0,0,0,0,0,0,0,0,0,0,0,0,0,0,0,0,0,0,0
Paul S Foujino,,,0,0,0,0,0,0,0,0,0,0,0,0,0,0,0,0,0,0,0,0,0
Peter Klasen,1935,,0,0,0,0,0,0,0,0,0,0,0,0,0,0,0,0,0,0,0,0,0
Peter Saul,1934,,55,1,1,0,0,0,0,2,0,0,0,0,0,0,0,0,0,0,0,0,0
Philip Guston,1913,1980,267,4,1,1,3,2,0,2,0,0,0,1,0,0,0,0,0,0,0,0,0
Philip Pearlstein,1924,,179,1,0,1,0,0,1,2,1,0,0,0,0,0,0,0,0,0,0,0,0
Philippe Hosiasson,1898,1978,1,0,0,1,0,0,0,0,0,0,0,0,0,0,0,0,0,0,0,0,0
Piero Dorazio,1927,2005,1,0,0,1,0,0,0,0,0,0,0,0,0,0,0,0,0,0,0,0,0
Pierre Alechinsky,1927,,0,0,0,0,0,0,0,0,0,0,0,0,0,0,0,0,0,0,0,0,0
Pierre Bettencourt,1917,2006,0,0,0,0,0,0,0,0,0,0,0,0,0,0,0,0,0,0,0,0,0
Pierre Dmitrienko,1925,1974,0,0,0,0,0,0,0,0,0,0,0,0,0,0,0,0,0,0,0,0,0
Pierre Lagage,1911,1977,0,0,0,0,0,0,0,0,0,0,0,0,0,0,0,0,0,0,0,0,0
Pierre Soulages,1919,,2,0,0,0,0,0,0,0,0,0,0,0,0,0,0,0,0,0,0,0,0
Pierre Tal-Coat,1905,1985,0,0,0,0,0,0,0,0,0,0,0,0,0,0,0,0,0,0,0,0,0
Pinchas Burnstein Maryan,1927,1977,1,1,0,0,0,0,0,0,0,0,0,0,0,0,0,0,0,0,0,0,0
Ralph Goings,,,1,1,0,0,0,0,0,0,0,0,0,0,0,0,0,0,0,0,0,0,0
Raoul Ubac,,,1,1,0,0,0,0,0,0,0,0,0,0,0,0,0,0,0,0,0,0,0
Ray Edward Johnson,1927,1995,42,2,0,0,0,0,0,2,0,1,0,0,0,0,0,0,1,1,0,0,0
Raymond Abner,1924,1999,0,0,0,0,0,0,0,0,0,0,0,0,0,0,0,0,0,0,0,0,0
Raymond Moisset,1906,1995,0,0,0,0,0,0,0,0,0,0,0,0,0,0,0,0,0,0,0,0,0
Raymond Parker,1922,1990,40,1,0,0,0,0,0,2,0,0,0,0,0,0,0,0,0,0,0,0,0
Ren Duvillier,,,40,1,0,0,0,0,0,2,0,0,0,0,0,0,0,0,0,0,0,0,0
Ren Laubies,,,40,1,0,0,0,0,0,2,0,0,0,0,0,0,0,0,0,0,0,0,0
Rene Guiette,,,40,1,0,0,0,0,0,2,0,0,0,0,0,0,0,0,0,0,0,0,0
Richard Anuszkiewicz,1930,,96,1,0,0,0,0,1,3,1,0,0,0,0,0,0,0,0,0,0,0,0
Richard Artschwager,1923,2013,103,2,0,0,0,0,2,2,0,0,0,0,0,0,0,0,0,0,0,0,0
Richard Diebenkorn,,,103,2,0,0,0,0,2,2,0,0,0,0,0,0,0,0,0,0,0,0,0
Richard Lindner,1901,1978,95,1,0,0,0,0,0,2,0,0,0,0,0,0,0,0,0,0,0,0,0
Richard Pettibone,1938,,18,0,0,0,0,0,1,2,0,0,0,0,0,0,0,0,0,0,0,0,0
Richard Pousette-Dart,1916,1992,86,2,1,0,0,2,0,2,0,1,0,0,0,0,0,0,0,0,0,0,0
Richard Tuttle,1941,,78,1,0,0,0,0,1,2,0,0,0,0,0,0,0,0,0,0,0,0,0
Robert Arthur Goodnough,1917,2010,59,1,2,1,0,0,1,2,1,0,0,1,0,0,0,0,0,0,0,0,0
Robert Burns Motherwell,1915,1991,325,4,2,2,2,1,2,2,0,2,0,0,0,0,1,0,0,0,1,0,0
Robert Cottingham,1935,,61,0,0,0,0,0,2,3,0,0,0,0,0,0,0,1,0,0,0,0,0
Robert E Clark Indiana,1928,2018,142,1,1,1,0,0,0,2,0,0,0,0,0,0,0,0,0,0,0,0,0
Robert Malaval,1937,1980,0,0,0,0,0,0,0,0,0,0,0,0,0,0,0,0,0,0,0,0,0
Robert Mangold,1937,,73,1,0,0,0,0,1,2,1,0,0,0,0,0,0,0,0,0,0,0,0
Robert Natkin,1930,2010,44,1,1,0,0,0,1,2,0,0,0,0,0,0,0,0,0,1,0,0,0
Robert Rauschenberg,1925,2008,397,2,2,1,2,2,2,4,1,1,0,2,0,0,0,0,0,0,0,0,0
Robert Ryman,1930,2019,85,1,0,0,0,0,1,3,0,0,0,0,0,0,0,0,0,0,0,0,0
Robert Smithson,1938,1973,0,0,0,0,0,0,0,0,0,0,0,0,0,0,0,0,0,0,0,0,0
Roberto Matta,1911,2002,18,0,0,0,1,0,0,2,0,0,0,0,0,0,0,0,0,0,0,0,0
Roger Bissiere,1886,1964,0,0,0,0,0,0,0,0,0,0,0,0,0,0,0,0,0,0,0,0,0
Roger Desserprit,1923,1985,0,0,0,0,0,0,0,0,0,0,0,0,0,0,0,0,0,0,0,0,0
Roger Edgar Gillet,1924,2004,0,0,0,0,0,0,0,0,0,0,0,0,0,0,0,0,0,0,0,0,0
Roland Topor,1938,1997,0,0,0,0,0,0,0,0,0,0,0,0,0,0,0,0,0,0,0,0,0
Roman Opalka,1931,2011,0,0,0,0,0,0,0,0,0,0,0,0,0,0,0,0,0,0,0,0,0
Romare Howard Bearden,1911,1988,159,3,0,2,1,2,0,2,0,0,0,0,0,1,0,0,0,0,0,0,0
Roy Lichtenstein,1923,1997,394,4,0,0,5,0,2,2,0,1,0,1,0,0,1,0,0,1,0,0,0
Rufino Tamayo,1899,1991,13,1,1,0,0,0,1,0,0,1,0,0,0,0,1,0,0,0,0,0,0
Ruth Francken,1924,2006,0,0,0,0,0,0,0,0,0,0,0,0,0,0,0,0,0,0,0,0,0
Sakti Burman,1935,,0,0,0,0,0,0,0,0,0,0,0,0,0,0,0,0,0,0,0,0,0
Salvador Dali,1904,1989,13,0,0,0,0,2,0,0,0,2,0,2,0,0,0,0,0,0,1,0,0
Salvatore Scarpitta,1919,2007,16,1,0,0,0,0,1,2,0,0,0,0,0,0,0,0,0,0,0,0,0
Sam Gilliam Jr,1933,,62,2,0,0,0,0,1,3,0,0,0,0,0,0,0,0,0,0,0,0,0
Sam Lewis Francis,1923,1994,184,2,1,0,2,2,0,2,0,0,0,0,0,1,0,0,0,0,0,0,0
Sam Szafran,1930,,0,0,0,0,0,0,0,0,0,0,0,0,0,0,0,0,0,0,0,0,0
Saul Steinberg,1914,1999,93,1,0,1,1,0,0,2,1,0,0,0,0,0,0,0,0,0,0,0,0
Sean Scully,1945,,34,0,0,0,0,0,0,2,0,1,0,0,0,0,0,0,0,0,0,0,0
Serge Charchoune,1888,1975,0,0,0,0,0,0,0,0,0,0,0,0,0,0,0,0,0,0,0,0,0
Serge Poliakoff,1900/1906,1969,1,0,0,0,0,0,0,0,0,0,0,0,0,0,0,0,0,0,0,0,0
Sergio Federico de Castro,1922,2012,0,0,0,0,0,0,0,0,0,0,0,0,0,0,0,0,0,0,0,0,0
Shusaku Arakawa,1936,2010,0,0,0,0,0,0,0,0,0,0,0,0,0,0,0,0,0,0,0,0,0
Sigmar Polke,1941,2010,3,0,0,0,0,0,0,0,0,0,0,0,0,0,0,0,0,0,0,0,0
Silvano Bozzolini,1911,1998,0,0,0,0,0,0,0,0,0,0,0,0,0,0,0,0,0,0,0,0,0
Simon Hantai,1922,2008,0,0,0,0,0,0,0,0,0,0,0,0,0,0,0,0,0,0,0,0,0
Simone Bellet,1901,1990,0,0,0,0,0,0,0,0,0,0,0,0,0,0,0,0,0,0,0,0,0
Sol LeWitt,1928,2007,199,3,2,1,0,2,1,4,1,0,0,0,0,0,2,0,0,0,0,0,0
Suzanne Roger,1899,1986,0,0,0,0,0,0,0,0,0,0,0,0,0,0,0,0,0,0,0,0,0
Syed Haider Raza,1922,2016,0,0,0,0,0,0,0,0,0,0,0,0,0,0,0,0,0,0,0,0,0
Tadeus Kantor,1915,1990,0,0,0,0,0,0,0,0,0,0,0,0,0,0,0,0,0,0,0,0,0
Teh-Chun Chu,1920,2014,0,0,0,0,0,0,0,0,0,0,0,0,0,0,0,0,0,0,0,0,0
Thanos Tsingos,1914,1965,0,0,0,0,0,0,0,0,0,0,0,0,0,0,0,0,0,0,0,0,0
Theo Tobiasse,1927,2012,1,0,0,0,0,0,0,1,0,0,0,0,0,0,0,0,0,0,0,0,0
Theodoros Stamos,1922,1997,124,3,1,2,0,1,0,2,0,1,2,0,2,0,0,0,0,0,0,0,0
Thomas Downing,1928,1985,16,2,0,0,0,0,0,2,0,0,0,0,0,0,0,0,0,0,0,0,0
Tom Wesselmann,1931,2004,157,1,0,0,1,0,1,3,0,0,0,0,0,0,0,0,0,0,0,0,0
Toshimitsu Imai,1928,2002,0,0,0,0,0,0,0,0,0,0,0,0,0,0,0,0,0,0,0,0,0
Turan Selim,1915,1994,0,0,0,0,0,0,0,0,0,0,0,0,0,0,0,0,0,0,0,0,0
Ufan Lee,1936,,0,0,0,0,0,0,0,0,0,0,0,0,0,0,0,0,0,0,0,0,0
Valerio Adami,1935,,0,0,0,0,0,0,0,0,0,0,0,0,0,0,0,0,0,0,0,0,0
Vassilakis Takis,1925,,0,0,0,0,0,0,0,0,0,0,0,0,0,0,0,0,0,0,0,0,0
Vera Pagava,1907,1988,0,0,0,0,0,0,0,0,0,0,0,0,0,0,0,0,0,0,0,0,0
Victor Laks,1924,2011,0,0,0,0,0,0,0,0,0,0,0,0,0,0,0,0,0,0,0,0,0
Victor Vasarely,1906,1997,1,0,0,0,0,0,0,0,0,0,0,0,0,0,0,0,0,0,0,0,0
Vladimir Velickovic,1935,,0,0,0,0,0,0,0,0,0,0,0,0,0,0,0,0,0,0,0,0,0
Walasse Ting,1929,2010,17,1,0,0,0,0,1,2,0,0,0,0,0,0,0,0,0,0,0,0,0
Walter Leblanc,1932,1986,0,0,0,0,0,0,0,0,0,0,0,0,0,0,0,0,0,0,0,0,0
Wayne Thiebaud,1920,,179,1,2,1,1,0,1,2,1,0,0,1,0,0,0,0,0,0,0,0,0
Wifredo Oscar de la Concepcion Lam,1902,1982,3,0,0,0,0,0,0,0,0,0,0,0,0,0,0,0,0,1,0,0,0
Willem de Kooning,1904,1997,484,3,2,2,7,1,3,1,0,1,1,2,0,0,1,0,0,0,0,0,0
William Baziotes,1912,1963,162,2,1,0,0,1,0,2,1,1,0,0,0,0,1,0,0,0,0,0,0
William Nelson Copley,1919,1996,25,1,0,0,0,0,0,2,0,0,0,0,0,0,0,0,0,0,0,0,0
Wojcieck Voy Fangor,1922,2015,8,1,0,0,0,0,1,2,0,0,0,0,0,0,0,0,0,0,0,0,0
Wolfgang Gafgen,1936,,0,0,0,0,0,0,0,0,0,0,0,0,0,0,0,0,0,0,0,0,0
Wou-Ki Zao,1921,2013,6,0,0,0,0,0,0,2,0,0,0,0,0,0,0,0,0,0,0,0,0
Yannis Gaitis,1923,1984,0,0,0,0,0,0,0,0,0,0,0,0,0,0,0,0,0,0,0,0,0
Yayoi Kusama,1929,2011,42,1,1,0,0,1,1,2,0,0,0,0,0,0,0,0,0,0,0,0,0
Yves Brayer,1907,1990,0,0,0,0,0,0,0,0,0,0,0,0,0,0,0,0,0,0,0,0,0
Yves Klein,1928,1962,7,1,0,0,0,0,0,0,1,0,0,1,0,0,0,0,0,1,0,0,0
Yves Saint-Laurent,1890,1970,56,2,0,0,0,0,0,3,2,0,0,0,0,0,0,0,0,0,0,0,0
Zoran Antonio Music,1909,2005,1,0,0,0,0,0,0,0,0,1,0,0,0,0,0,0,0,0,0,0,0
